Stock_A,Stock_B,Stock_C,Stock_D,Stock_E
116.04424463504351,71.37619195648905,117.0831651790216,186.50188462940355,148.58529762216912
117.33191326431299,70.69154929122948,115.32916328823548,187.19182083369964,150.9872742646498
117.03166621343388,71.52708661045193,116.49937932803908,186.85221637889688,148.29631612368775
117.62486218370725,72.52367989835676,115.9879374545784,192.40010246262116,151.39573363878284
115.61966264671733,70.3424158444268,115.36151900549014,188.46593304005904,151.0433783596439
117.95452146154474,71.61477576717692,115.2652913806158,185.4053322475705,148.86329696473123
116.82683337768265,71.37216998069557,113.5466995383294,185.99869838491279,148.98708110191768
117.66021567776794,70.85406424401201,116.89210602114795,187.31850698437427,153.65179073664487
117.18904002027226,70.7568238669297,114.71391753159666,182.0368620999741,151.44790372117907
117.73837720311847,71.27561949792286,116.13749662714497,185.05341041628094,150.80492855327736
117.21536061443221,70.34300178088314,115.38507057289206,186.44554881984635,151.7658666360408
118.10812050478812,69.60366563686502,113.3034335501864,188.945314974798,147.3912782426105
115.1625768242312,71.26564403240877,120.31069691648854,187.15187976222774,149.7747423642085
116.21501427215998,70.53677233118538,115.64623930881734,189.0710550577758,146.14059061280008
114.99337446014502,72.34172766322015,118.97877083904511,187.15640063931608,150.91063076119107
117.8533015179735,70.7062061118395,118.02789545916244,187.51846264100305,148.5226388229511
117.9462431448716,71.29236664223639,115.92556560701215,189.86204892032322,149.11777324570255
119.2209363905666,71.12515754905212,118.36503143121217,185.7166365421983,152.95030741047927
118.6294953928823,71.32651324319494,116.48473273767645,184.02467121062264,154.7661533461744
118.1907636384958,70.79244455158113,119.3131609666467,184.5040455940697,149.3809158752592
115.98248579806656,70.60728071204467,115.67227917533482,187.00159181010358,148.9398639115961
115.88252260940264,71.00969976304901,117.6355915603325,185.54101344879018,147.9266053118893
116.5523813306556,70.75807580314094,115.63955525504879,185.84301759937696,151.93549964818433
117.84740068339043,71.66700491068202,115.84460955639389,186.07745680471743,148.65061259850853
117.75616522015497,71.44771695346405,116.14072765700882,185.1657516424987,148.04651341987707
118.32792697101135,70.75746458754126,114.06290671507583,179.93942304490398,145.36905784443667
116.9716369019472,70.33437623414403,118.80320895578836,187.82873110081525,147.96882077804048
114.69218265534447,70.7347228676595,115.48515855080505,182.5820639291422,147.86898680059102
117.8780323438683,70.31417338096757,113.70150255651032,187.39889664660342,147.38231990730137
116.91764606594359,71.07929464306756,117.32877035681335,186.5755445272126,154.5421920348367
116.84921221961258,70.5296221845571,118.36423395878028,183.6624537430665,150.4787046475941
116.50626815198191,71.54595350404972,114.636129012725,185.4787806107502,152.6161159211596
116.97374760889346,70.82748436784414,115.31795452346076,181.3543692338061,149.80849287606685
117.26271545261751,71.76437915799306,118.15774666129349,187.58428388194588,153.14167350567115
117.25022294195193,71.2718733202655,116.72436165791376,183.04286337350447,147.20753323151015
116.35328152332848,72.25403581468093,115.08431399769518,186.32588072224954,152.68817464129975
117.95448925536424,71.21943236995679,117.53418846484995,182.1221973538648,152.06219568950794
120.08132051806089,70.90194484388172,119.68043860064274,183.15284355840353,145.3360433974378
116.43383764157251,70.96375055222471,119.29686696954462,186.03110082630027,151.56457753046752
113.97195067492747,71.10875775985996,115.99548326414093,186.4572429639768,144.24887428481046
117.8719060064062,70.82023380262264,113.52721690901119,182.39019429350876,150.80652754469276
117.68946503378952,70.53279375584712,114.85335819557271,183.5918645149915,150.31461611386067
114.97113573874837,72.06066816384738,116.89646413510943,185.07883670190418,143.39826645230804
115.87749301430136,71.32010906681103,115.80096335394441,189.51901632573473,143.07763394628108
117.56807030936719,70.25293207042691,115.20691689958285,186.50804208719626,150.17456777474976
113.96269768568158,71.27903234495521,114.64077411929946,188.95165736584912,145.63831209395664
117.1670189793747,71.49082102616327,116.43448717369905,188.55359698204657,151.52010525129145
117.71673420238596,70.18739626650347,118.46602508059125,186.61318373275267,147.31461168403024
119.73989267281009,71.71929830111466,117.62104563234914,185.9370776298128,150.02957001939166
117.86172444912748,71.96390701421295,115.16739207762332,183.31969416751855,147.77695873543882
118.03392502666372,70.39375500044528,116.14432267986176,185.60980943787504,148.25583089995814
116.27152163505617,71.68225126584687,115.02439657302163,182.2351317468656,149.92076842677605
117.12755408337392,71.38587436738132,115.36248544105788,184.14150596866446,150.0680046661427
117.83157442175303,72.2016620628731,118.05216821825252,185.9110836146523,149.2605648696031
116.47196812982614,71.16959958153453,115.19479191853931,189.56120635634693,149.95793564685795
115.33982662158917,71.3789719897702,117.30377913304994,186.18049837786958,152.24676021999042
117.77558373517778,71.42573892899614,121.61797989038963,187.56901740595455,152.1686894167898
115.89429205480698,70.85965216261638,116.20291344162975,190.1292402759194,150.55026544315913
117.2349504331765,72.31082899012473,116.54022835990051,186.2186666415989,149.34892765671208
115.96833228773441,71.40202148535553,115.72929391266531,187.49228384879214,150.62901869938827
116.98864301855978,71.17895010443908,116.75444030652122,185.9733758437996,150.2416407069895
117.3684758945163,70.33533571202234,113.70926169547258,184.79394481531352,148.99460532787387
116.27262785198144,71.92855421152817,118.88754715181503,185.5316101289292,154.02578498676476
115.99380947556575,72.33091440112942,116.89506466604485,184.02045221002356,145.28150828375078
117.24159912802328,70.71451333879189,117.97832311312114,190.82382316814193,148.17885350183005
117.9536649049062,71.147541871486,118.59779414653138,189.26999123313533,149.86508991098648
117.88208382452932,71.39944764647085,120.24136230575593,190.5087870964508,151.10580692882908
117.42854695909101,70.23849843440249,118.24716247928929,187.6359046681632,151.57676528165769
118.64007888039117,71.07147924487363,116.48856227596984,189.72775673422842,148.81745495014516
115.37504037784004,70.8017350244567,116.3086849035485,184.77823511450174,151.81890841625724
118.51470005564957,70.84345513784768,117.44993362256473,184.0780882790778,154.04884014442428
116.21287779850557,70.22431966190048,118.95350930073492,189.22389381758316,154.7612911365913
116.73696564878162,71.14800196182152,117.23600912525522,184.56694424767215,150.63627813082394
113.69059026358609,70.75196667012207,115.31690462385974,185.03892822171596,154.19371098118003
118.02705639196459,71.58993009542439,117.73067093847214,187.71241138389075,149.89573728236812
117.71216216074782,70.38887192295385,117.43873629324275,191.16800409322417,151.84540631438193
116.11253212112764,72.93426012011736,116.51616384562745,187.42218183951252,150.51149798411913
119.33898863392339,71.59289916942798,118.5248302749344,183.78189601306275,152.2095110869512
117.49209954114056,72.94126616349307,116.13233600140096,186.17765035444754,149.6486100306976
116.31886682620825,71.92786551217004,117.66571784627395,188.24214346516695,150.0084794257255
115.5338260980716,70.2965788942204,120.29717568681889,187.7954797565856,150.27860100008434
116.41268360576534,71.51579768434067,114.70430905910901,187.05982219499845,149.72891970580227
119.2773019903602,70.43980477596806,115.25884079022882,182.21288084722258,151.3798634998255
117.13100376911825,70.60217424081014,117.14803749885544,180.2542295715401,150.6206850963069
114.96022748315438,69.94103048888746,119.95313931752155,187.14968329221225,149.99049903513557
115.94239686168018,71.06148611425196,115.88557509345017,185.65742406533667,147.83907423999656
116.87188118709437,69.36541288817342,116.61710901065274,186.26219613380442,150.9631532590763
116.55877975047513,70.90301961287467,117.48146977565759,186.13331403637258,149.00923225969535
115.89028793959169,71.4633337230538,115.68663522959795,185.66385712799655,153.2027019574884
116.89998180528596,71.95814691719762,116.23086129695706,191.03710706973024,148.47825682095765
115.48246615913594,70.97075323981423,115.09993516863426,182.00026093484846,150.33799556946173
117.06445522684263,72.0906347589516,115.66899662884693,186.10398520411124,150.18858124758486
115.49057021160017,70.66065776679208,118.62259992115229,185.98123449793002,147.73347647694226
118.17695972799224,71.06713785571498,114.92291897655285,188.8075509616928,148.1764267372188
116.06487824604913,70.59582685818214,117.56873432412608,187.0999226028167,147.71145645978237
117.22114373613407,70.22637255926382,120.18919390062862,183.84176965820683,147.27685500643784
115.89777663296343,71.96357913364955,117.55065805529122,184.40737385077372,152.05390667002195
115.9139766874227,70.54422861545878,115.83528637372234,185.26637695939974,148.72286333188657
116.21598573496478,69.96769145732877,115.82456219043895,188.4571899161542,152.52202589075657
115.37240158206892,71.23050413300759,118.66800140312769,188.72593016469656,152.85178299463698
119.1571678203702,71.75313101339172,115.16712834919075,189.2402908893138,148.47281514019258
118.80308932290232,70.93571963221375,116.54439662884884,187.52163350581463,149.83544252156608
117.07037462479435,72.72047858857599,114.76895694602112,188.85790061029465,148.57968904815107
119.05382515602899,71.29635945541894,116.66879354797985,187.15539672488848,150.9172129410522
115.37424798665927,73.24454170681615,117.72528338447259,187.8529218562547,150.24598102594956
119.61135108786398,71.60515695492835,111.57019783201706,193.09456599269942,145.83827365943338
117.40083814888067,71.13058178121089,118.60698268842758,186.53731120235116,151.83977765137232
117.41166448318502,71.10825922951514,110.84545834464123,184.57182686983074,149.4808294863657
114.77187875738018,71.0987520119985,115.81615179459389,184.2033456299127,149.43624889114986
116.60795091876406,70.77961074743703,118.23286282477603,186.90230800192546,149.80515136424052
116.7845388517721,71.488549873603,116.53027280419288,187.37991346869194,149.8723239668054
115.16879218890976,70.41840098297466,120.0500119980431,186.26977081143363,150.50841681299536
117.34664232128505,71.27568961359735,115.78300460689344,184.70804770133861,149.81336041782708
118.76974225341108,71.2247890198631,116.36957355942955,189.94620108472523,146.83939381860773
119.52192783751069,71.57244564499973,115.59970591019399,187.21330320003224,151.74955882489823
116.13854569188393,72.58386693131663,118.04682175375738,187.88789171138683,155.08770511953927
118.0592140795818,71.43713582275457,115.18524382128166,190.6608580002176,154.04210420712587
116.8430909533286,71.33080835894704,113.7156152033761,189.1837032003133,146.17969702541683
115.5923270630046,70.30335360816761,119.36114014979884,188.81276511256152,154.4117727241949
116.44513111718922,70.99973870659583,116.5655164325027,185.41424103786437,151.02174592009305
119.30194913542981,71.00692300341454,119.12968593500099,187.43809767627562,149.55069939600986
117.64665543320886,71.24233025618295,115.78466767554958,185.37428375851832,150.24554763120585
115.50509910875857,71.71058513534426,114.69888541738229,188.4010802599211,151.01768730271638
116.43509684483573,72.29901271157931,117.1082968550256,187.43172628237284,149.9599043691587
116.03076937760864,71.0020430042935,119.65101074539082,186.83127465279657,146.02486333083925
117.73988491364716,71.43635669740078,117.08575736125574,186.4571088022226,153.24363434961583
117.78722782545476,71.50027211403216,119.59002115393773,187.18059898746378,151.49032591289188
115.75790667345854,71.0597232084321,116.17332253482424,183.43461651043046,151.6518864532526
117.11632758238613,71.11773156611707,116.42806704635778,184.23411919796337,150.59857294416813
116.60067100698473,71.48443024021712,114.71817576727575,186.34159603380888,150.14845369117202
116.75350270677215,70.849623407222,114.23805590132726,186.39543060718614,149.57703569159503
118.01787141132512,70.88827687033064,118.50876895415485,189.67915018531704,146.06598681998992
119.70948595434616,69.83633219771477,116.25568452005334,184.3138859422513,150.605960966688
118.44141505467525,71.56661577080004,116.77429964025383,183.16589982348663,147.27179871747268
117.71062684882794,71.15720117753906,115.68379661700222,185.12950346497777,150.64249534988232
115.95236764654526,70.49479199330037,116.35940746487192,181.36759617806223,147.5083663437353
117.60454567338734,72.51278010921489,114.92738041977296,184.31947030851276,150.7340763012983
117.46857716115294,71.39876161810098,116.30555198488524,187.43492676157373,146.33571331937588
116.72292014233538,69.69212649412275,117.00991989498557,186.03836698667325,148.1219251356092
117.76631647704279,71.46785753518722,116.90212569270348,186.36324181332816,148.655116925635
115.44437454128199,70.07209607501902,119.06327825065769,183.50614429358285,153.0307827753889
118.75033591252532,70.65680323748305,114.49553919961812,189.1855721383925,147.94687619398206
116.11974440994227,70.34562073440343,116.11423298072246,185.3507491175734,149.28608926609303
116.94211643914068,70.68076074775871,118.58099058013715,182.2665690355068,148.41004202046244
118.63313358031405,71.04251266314652,116.73383778936525,192.85197301017462,148.51010491025895
117.369068801611,72.26348992661879,116.92923827469109,188.29630524450357,145.8806578023068
118.98847800889284,71.60942643137798,115.54040300094611,187.4078528843468,149.34453614328459
117.38511284828621,70.44576017530711,118.42958811814636,187.55573587619787,147.99071290594534
119.6773235552846,70.88300952025678,113.96521470520302,183.31877399755794,147.22700352377478
116.93571445831913,70.95781103658075,117.77123328911114,186.20677273524376,154.19802723667806
116.72075074560207,70.60187792202107,118.86145284441953,185.38016820961053,149.55627101940786
118.05440729398997,70.84828385091687,111.67976918037064,184.18289822463558,151.7960979282467
118.02864601432282,69.66661840749737,117.43557127239221,183.99571926747197,150.4245394449577
116.46654140964944,71.44150084038414,113.74277666795285,185.16421898515839,151.92713546815594
116.99800998200377,70.95829681546576,117.35027705902637,180.75744174038772,154.93822841656402
115.78012015982232,71.48469985103263,116.09176779456565,183.8640413820543,152.57806307338157
115.56457534064417,70.69093695181243,118.54310727170973,185.86165876037228,152.26726307536023
116.80707510215244,71.62801563959088,116.11118557011699,188.27893233014845,151.16359614704137
117.53211651009953,70.78520961553237,117.4627403568134,185.70894853893438,149.1507988541724
113.70508636714116,70.8568247833184,116.83029131650287,182.86182371998407,149.94453914589224
117.635279777399,71.39176657784004,114.83608429026677,186.58312258166288,150.97332648456594
115.15649884035098,70.9639679390724,119.41403679126734,181.82132186418585,149.17238563148888
116.69766951526174,71.32932598912349,115.8974081319822,186.37834939333396,145.28092356845363
116.97728247822704,71.39265259119765,118.28850911244002,182.8422309299169,147.41616260721665
117.6461160409347,71.41313395389253,117.50754253513,189.667389628458,154.97002106523703
116.90483601320331,71.5292065926585,114.4940186378548,183.78846017979205,149.8195108204734
116.57914867848129,72.27677056546706,118.69852133404393,188.11324859921478,152.20688046810812
117.64841844511585,71.07376821718346,113.94461438164028,188.29241308713355,153.4471177731922
117.70442185726618,71.09977379873219,120.09821528136538,186.10117884338302,153.1776820344499
116.7507439159502,69.76797762139391,114.08301725868223,186.88192756515176,151.70784761732565
118.12374022524507,70.99108628535292,116.10901180592005,185.1709850645847,148.0621896977076
117.54911198752225,70.78737793991,119.74976518264141,185.53385579508367,151.57900964553824
115.47626171768401,71.50937079619804,115.72336610348749,184.78806918624454,149.53713737192868
114.66784400971606,70.78050578677885,115.21028206399409,185.52619956302797,152.2713452998761
116.6538627534229,70.8981918524024,115.65666517532975,185.97661880100824,145.64189030198435
118.54666252205479,71.7450142228724,118.39637753759139,188.99175805423928,153.78931378562345
115.42771051154656,70.74656022779503,117.54795477152395,182.36997828069497,151.36495353879775
117.21238566476242,71.9730339713676,116.4405582853809,187.80584855571223,152.0234162039989
117.32148932632317,70.89212242092108,115.38358277934388,186.40034168743477,150.83059909652394
116.73352538723199,71.43665508961064,115.93493432512591,187.51365470069467,152.8168869924007
119.27359517899004,70.05217468592019,112.35999983821422,192.11396791544632,153.76079929350652
119.29138600424719,69.984550282583,117.67868498541249,185.09552013484856,152.55112103049927
116.14075322943272,70.73568844994297,121.93920870989854,187.17147393474582,145.57912765955643
117.40358351969189,71.0112870002798,118.69667848813305,187.36517648597265,149.796558134041
117.0819015138002,71.81513125576448,116.36615118320631,186.86868519833473,147.71567445071378
116.13563673518166,72.11525255064443,114.19305629704829,187.6111109614668,154.09989966231566
116.27536152808347,70.36720118590029,118.9240362076995,187.07818558042402,153.98642479849698
116.67854955319021,71.26847978720082,115.34547784752135,184.81247586808158,146.772250150174
116.94021141370008,71.19939417975442,117.76674972645544,187.50593625856413,148.24170762716508
117.90270817224523,70.76867464080179,117.81140899904135,186.24437836409055,151.23353574967456
117.84896956655395,71.27250429942767,118.22225113311686,185.6523319622002,151.06861962272154
115.54912366433726,72.7413950374932,116.63270568964562,180.5612975351721,150.3994608171751
120.10076802796156,71.24062683709897,117.3058314786614,184.7717052958917,149.47820257265943
118.72698944933906,71.06285209510206,115.66485196408325,187.96949735992922,152.45870563243443
117.06949674618458,70.56692958732066,115.20770935513374,187.08754713940812,145.54150648974894
117.4345828412322,71.02350958857754,118.28130679990024,183.81005625675516,149.89092581777462
115.43606366030725,70.84461014882096,117.36143549371158,183.86324256549597,147.0996263808764
118.3493249046487,72.30776324489779,117.22588443895778,190.5093552664602,147.53224038027224
116.23959552659876,71.10895021301116,119.12795125555505,188.19653239191382,150.00368783987352
116.57434795710905,70.92591379325263,115.7237214147754,182.6705415750165,148.58059379745328
116.26936524956449,70.97074691417491,116.95133308802501,183.77425546022005,149.59959078176095
118.59816799323245,70.92036689799795,115.39720721522107,185.77140249892258,149.34535514107165
118.74669399886423,70.99705135499435,118.56566665462255,186.17306980496528,150.6425999779631
116.95593500409153,72.5188005506343,117.34370686692327,184.0685487148675,149.47557849198068
116.97458763260994,70.8639963502621,115.72289496108077,187.2013927528238,147.3007646356308
119.50384885429088,71.07141252858705,117.13687100414563,182.64812562784448,152.26300954278523
117.60023805951445,71.16042944537696,118.44076896630824,186.9744791677568,147.51532154132934
116.88705275636339,70.77049301988438,117.36242813677543,188.63914714450627,154.35463225132906
116.41528782637234,72.37237288898011,118.13153924190394,187.42325484843374,151.44745901668813
116.56268850238375,71.75269896023329,116.57851855945033,188.92912960494746,147.20188043833002
117.38199144944235,70.38728666335432,117.91981680620265,184.1633745440729,148.01905445023678
117.48632524548421,70.76515286794302,116.39669916725838,186.1187764040624,148.08555349709178
116.31683233921095,71.57291529283562,118.57039850377662,187.70234677857667,150.75487262279478
116.75801044956378,71.51139415768807,115.43276427872766,187.4418956823107,149.31907028428495
116.14597694315354,71.7964088626042,117.91335384433451,184.640077527824,149.8191771872968
119.45651905143649,71.48116769207923,117.67904491971811,190.90846891578175,152.7254768173078
118.14930056736252,70.2457392947027,119.6512928419872,184.55913726100576,149.98419025534992
119.2173877211842,70.87871139145497,115.0852073591274,188.50184603430998,145.27374700739253
114.6157075949944,71.1895089619803,120.18697924093345,187.64250678879037,150.41065350347102
117.77466768365706,70.95879634061039,116.50394988638418,183.54366435518048,145.798137387275
116.40909448429892,71.76743488543266,115.05091426613055,186.61384050926728,150.71486015301392
115.98267313395804,70.48196033323431,116.32772917057886,187.732276895051,146.11239479385736
117.14158624057337,70.9113859717668,118.53855639302546,188.29731840701191,149.45330658979697
116.99871885790225,71.02008901624764,113.25558925997136,187.47590968671167,151.20767394584104
115.85557743886734,71.11891765693132,117.14143229135102,183.5211575071833,149.7107599340319
117.10066307563004,71.78988914661734,116.39835806744058,188.79155294347768,148.2073739070456
116.92885244593947,70.21228089348718,113.87259533014989,184.34922496591682,146.68911894772205
116.02356429791163,71.20558548752811,118.26491374945545,189.24390250637634,148.17358093238659
118.93898346108818,71.54151950791798,115.64296121707898,184.01265194639396,145.6191212257692
118.41186173974799,70.81778155655724,115.68626752541716,188.83144054808727,151.1937116942184
117.5884067020833,71.83779343162153,117.98711260613352,187.69242135735485,148.6906967212902
114.76667278252806,71.70458334169454,113.94224608715456,186.11986474442003,145.08110781360935
118.56261365133847,71.64978488391495,116.52450927546636,186.53081908000283,146.2236254133244
116.90853358594997,71.81105392068487,120.18089156240555,185.9579490836186,149.00745166741112
118.57564475199514,69.71619668535628,117.15822459656289,187.92995398052923,148.12106811665862
117.4358492212083,70.41110307674515,115.7988881906957,187.11304549124915,154.14398308228618
117.06080727697908,70.88143844398137,120.20847635599002,181.92646290031263,149.8485475517662
117.71487053003621,70.88710872717634,117.8866216107959,186.75572239183455,150.29295759861395
115.81256203985487,71.95997491153966,115.32444173769684,187.93400692066356,154.59929649472508
118.80921411436724,71.02636475443306,116.5519548752471,188.15896939413807,148.3902995515923
117.25219277957498,70.77189819974859,113.56031582817084,180.16814188901824,149.0919106908213
115.37264961684558,70.98987893370108,113.32595087275114,184.94596742444926,148.4017892482821
118.29703548162485,71.3008663754516,115.77921073141643,186.8764619768472,151.26296860257378
117.50111435629915,70.59593024654998,117.80610280014916,180.11185821701784,150.7939399062568
115.8914702034831,70.66084794410531,119.53285465010072,183.55039440483523,151.26990637235073
114.68680658426464,70.67276754608147,117.46604171683835,183.14026991189507,152.34401890857708
118.26821757782055,70.95106029000746,114.03252102300698,188.19774296002456,149.36136310430115
115.15055362656672,72.34112511690513,116.42485654614495,188.09356338523642,149.13968169779506
114.94328040359287,71.64054808413827,112.43493419900815,186.15733613428992,152.28274084167973
117.887243856809,71.02944373111045,117.35224686964027,187.2992515392081,151.94121853058653
117.96237017091184,70.90476495087033,116.1336297178114,189.316020766055,144.38177964817962
115.22218787906831,71.68083184100414,117.61478892650541,186.22587573121305,151.50261985423967
116.00442904853377,71.92051591224394,115.01844958599628,186.26419693564117,148.8691576354286
116.62549101216594,70.322329394221,117.77493109649413,187.82080063661672,148.173367915639
120.02666050895108,70.16107793695188,116.87738823931079,186.5928698179152,148.01210447490382
117.44022337699325,71.25277582262173,118.53199148626982,188.08378536214818,146.89108217550213
118.18376265989247,71.14968314332049,117.74187433755327,189.11299551597003,154.28165089620774
118.50611278924477,71.55848504005834,116.51151169036068,184.04472351317258,151.91911398319823
115.55390651852052,70.85728383071663,117.16709503812442,185.32359990125596,148.48834133102721
115.5054727597579,71.37475145562655,120.81697481766918,189.56897938486784,146.23864824013702
117.28625542246324,72.98792085611025,117.70321425158754,186.54729549599566,151.8672239196442
115.56135153151617,71.44943930239872,117.11099925584554,185.05046860840866,147.31678139086375
114.64197074647115,70.41043864005637,117.48932201615806,186.3539189861851,154.54501539103526
116.76496935370426,71.01690695836618,115.0147514934334,186.5832654359459,147.24239422154153
118.08181820899534,71.94725104062964,116.0329352487288,185.5318558771503,153.07490928071823
116.930532659034,72.17856331580997,114.14403024782642,185.8628141755355,153.8636768948558
118.96561498624514,70.35829577839827,117.85646044399581,191.2875526437802,153.32116007464504
117.77423717062644,70.83298571534252,113.78743918523195,185.1908877368808,149.82963921409922
115.85155891505426,69.84003157341567,117.89560859068467,183.44456816307246,153.89977820640001
115.01327415772269,72.1400861988141,117.99817446222418,182.61515895490916,145.27768297116248
117.79385952895352,70.87126316598568,117.12982068578371,182.4895679777865,152.82207631748076
115.62324362075819,72.09908424105066,117.20123624977583,189.51390967931133,146.94772336633125
116.64073071017302,70.71713995483175,116.43584761796949,182.90474015749624,150.99039753752834
116.52639876110254,71.78702635605077,116.38050235389416,183.4004082449355,149.0458722904503
118.28231017240306,71.35080719348781,118.29225100390236,190.6926972311091,151.52544589142127
112.95602375125189,71.30001096567725,117.59082177199004,185.5382076181996,150.515148393142
116.94268652351592,71.63161978056858,118.80016578028935,186.19619059229547,151.47785410205063
118.360709377545,70.9925962873352,118.03959564129934,187.2168321677867,150.31880634656312
118.15519044633974,70.76579800426418,116.46871049491793,186.26299111784587,150.80064772787603
117.0941913301066,70.9297763830094,115.546468580822,186.57294673417354,155.0736409975623
117.7577919334682,71.41926461705484,116.88087129948181,182.6306785810631,146.61317341835186
116.5951359498081,72.01220583652015,115.23885859130738,185.80312984779692,151.17209534134687
115.57252050883925,71.19660919459024,118.52763467248643,180.95760359285106,150.5162506553644
116.75646644926985,72.24720487095706,115.85829259236765,183.6306399531179,146.6588035961629
116.09025020674738,71.34287857690806,115.23675755012697,185.28563382830595,149.8179659528265
118.8973036917302,70.12029774985965,117.57945766675223,187.75387060561465,149.16665347723927
117.00510710247028,70.35066284403655,119.29563314883484,184.39704774713238,150.86452217383322
115.32279418751195,70.16973007029763,120.41912673013165,185.02860088472323,147.19352764761038
118.52104170492338,70.96108705777392,116.36733203682464,187.7639762285345,146.50855825112006
116.38926413528885,71.42275400076943,117.99530547034179,187.43578139406796,148.68046477371752
118.94747583356231,70.94077102984325,119.63563391312164,185.6485958885546,152.4158079738636
116.02589567899756,70.80306633072682,116.52890882738821,186.7519085472998,153.06700637975808
116.35282862682239,71.62960378937134,115.40534102760924,192.53644074118185,151.04523084392824
118.7584800885937,70.45642176954375,113.80776695415142,188.04859559473292,151.82281278191826
118.45522185644136,71.95439913467008,114.62346244031382,182.33851961739293,149.86056094288406
117.34620411551526,71.94330707438561,115.95587807156804,183.33692174956278,152.1653821754172
119.27132530217976,71.68627372752269,116.22145023561315,183.85854084734595,149.1111604932062
116.03314090108654,70.49593983100483,118.0474031098562,182.76050215112082,151.4672036912001
115.59213916293913,70.51811686350358,115.45347621235577,188.4935645759323,147.57720321812198
116.6792565405391,71.199144588295,119.21890136925572,181.4323931994045,150.73475304260347
116.18945301371535,70.8941786857924,117.84723638975893,185.10749970537668,147.70672399576085
117.19820153265653,70.78308015042828,117.07634722353389,191.68959950120552,149.7867286566091
112.7131280421114,71.0090585062605,118.5457684131159,187.23904493313293,146.92278318546138
118.19231115364136,71.75816045408699,118.25958418254602,182.32498345444122,148.3695840683235
117.04384661052543,71.66285803457073,118.21438221884516,189.9973483342437,152.12829008281187
115.6857905860853,71.24520791712355,117.07660725946295,187.20044299800915,145.2706895911084
115.59360133525935,72.00463480900156,117.06335135538806,186.85262974334412,148.43904305939594
116.21667030735351,69.67286921187684,117.35830589378712,187.61196821902166,147.8352799439466
119.397724260601,71.46891169590437,119.1945057701457,190.66235646470747,153.1234246444593
116.93809687060542,71.14091142553795,116.8114897087929,184.69545579866013,151.43420376486964
115.49220287262585,71.32480476847226,118.844429816441,185.63871509869395,152.21995005370346
118.02832989813776,71.55846083812676,116.48646103486007,187.76959963041483,145.4205544933497
116.78378757885721,71.13226830105376,120.77397677731882,185.10806462096915,152.514921948703
117.4139316776595,71.16900737681011,116.80834971660371,188.92470355751968,150.16422811855773
116.03195103480243,71.38793113088825,118.84000815242993,186.8023655136515,151.113732859755
117.92643378731276,70.51046862629406,118.84056060292006,185.834353686135,151.51282762766954
117.59666957273629,71.1417615873726,118.53253743768477,189.47314270441137,149.2163179094595
118.26894800703425,70.91824922485775,116.18991849373083,190.52624270479433,147.24163508022102
115.70389474373965,70.49667434814191,119.56194037564448,181.05810229262636,147.4657066885197
117.04039163544562,70.06628393366654,115.55784477684705,188.177938567617,147.56953503660884
117.08502507314086,70.47343566205696,115.47862469071909,189.50547702083426,148.256710523576
119.2719098610872,70.54091782789921,118.16273542196991,188.37044065605963,147.44861440386072
115.27552845575781,71.58404470477556,115.90631059319712,185.164093367457,151.0516054817609
116.78523132592822,70.73269812749749,117.24371826835929,190.2833865286038,152.3724380574087
118.55531526959697,71.13628703856224,116.02624369923282,186.91728760831373,150.37658655728006
115.56263052449076,69.98788386233817,116.53174352216432,187.81107205549614,147.97749141947617
118.55794092502413,71.14255089649971,117.88881478910297,188.35935828614586,151.49400589062057
116.78843606605759,72.1390120406469,116.799202120757,183.61770909470943,148.0528002761741
117.47142772859668,71.54955922863482,115.27797397767011,188.8672545086803,152.43123058876967
117.95682919382426,71.68337669051488,115.89595383716835,188.4543201753852,153.99964915947
118.05220060748358,71.83148136965417,114.49641534023702,182.75101157823664,154.14519557370465
115.85418798092503,70.59536140340461,115.2547379265914,186.6412342324313,154.9895971414273
115.78818434170675,70.23840155593831,119.32410265884955,182.6886156848047,147.61448181531696
118.06585373703564,69.66756397509558,114.06747841142264,184.37303163160075,154.34444248477445
116.41704749482088,71.09331766652805,116.96432311746062,185.87338293336344,153.13951124304822
117.08113040719722,70.6167134321686,113.45999512488928,184.5392260847481,147.11819342150076
115.79815111020865,72.05885526570596,114.28065876951284,185.65581447626008,147.97360598041305
116.3767682928776,70.77775422189652,114.19290583448873,186.89239882562785,148.65018580291667
117.59660284959354,70.49820783359897,116.75156713085146,187.95229711603662,151.41984108990886
116.99293531766348,70.6385313727505,113.60632429045285,187.92628719082296,149.6257586198906
116.63183607579764,72.05069203269143,117.45090471372417,187.6721190347196,155.94572332078747
115.91223783212358,71.99620225349432,117.01885532116998,185.535216812662,150.1673850621292
117.53846650933112,69.86376175936996,116.94444419573782,185.6942780544377,147.29739276578798
116.0473047767206,70.35871598349105,118.18443959973077,184.57693453664936,152.99598061058603
117.9656118222682,71.45004810539497,117.76014233165118,187.004901721718,149.42959515930832
116.52470993960961,71.7064884748507,117.39035047075183,186.3646461209084,148.6255774994899
116.72862325254204,70.29524192816041,119.05095707452011,189.25972513314258,152.87085569823043
115.08448773307721,70.5112971326395,113.05258662707283,186.89803473318608,148.122240872487
118.15468083837804,71.65338229940141,119.62899986115089,184.78034799759513,149.55953355116068
116.51559842747517,71.93157256754958,116.68821403700723,188.26507001615818,149.02660435408174
117.69756054057615,70.71305899386121,117.75855990557724,184.5889969409668,152.0636130862493
117.84812672623374,71.37675356638037,118.07237499153065,180.99977275716142,153.83431352677013
114.48542993650979,71.56750406461101,118.7412529803707,189.59222265457512,152.40571841614224
115.70880790954325,69.87390448684258,117.08738866571808,181.86859086959163,147.4420102333227
120.49732613050175,71.17790849048362,116.40017951185001,185.91487649078826,149.27580826906427
117.314295525223,71.09942990133669,115.65024826841677,186.46553253895155,145.61448700928995
119.26976910005433,70.42005438203513,115.76953727727114,185.38857152923308,148.2877403081956
116.14161943973843,71.63578360248734,117.81544678737289,183.15459604180919,151.38999097537572
117.48762048621991,71.0426604623667,115.78933694181899,184.20307950034444,151.44909065674585
116.11718968732673,70.84256507750963,115.83963861456792,183.55164302389926,151.98282987056456
117.82736262337706,71.84458003219316,119.20737524665422,189.63638576344056,152.823479506657
115.86441093612513,71.58073026027539,114.89046506718307,183.8862847962342,150.61539364146896
116.12951183576268,70.73667998804892,115.86752647646595,185.65267149152987,149.8908999493709
119.65937371756881,71.17371315467445,119.4037498148431,184.17754917054017,146.06402324747359
116.38363521284103,70.52056526427754,116.44837469604397,185.4280900297748,151.38639286166966
117.73697645257718,70.93981347756191,118.44226986071249,185.80281268527358,150.37446080739488
117.5168759345955,70.93303648093045,115.76508691042434,186.91097411073855,146.96477999607922
116.71600092823834,71.32047641689667,117.08186350661167,185.33934790403904,151.60338299957522
117.22209384911645,71.74873594453156,117.43346650950438,187.04649994388748,145.7828580511301
117.12767753543575,71.06754149840069,115.46452411256662,185.29312273469577,155.65985808045497
117.34719385933265,71.76234433340466,115.56018587687814,191.59966388727116,149.5909042687927
116.10732721583067,72.50562027696569,117.45036285905276,192.11014133774725,149.22693085017062
117.49490505341592,71.28564856331431,117.12447448037423,184.77825611649723,145.92706956298338
116.65974105211721,72.6513338501595,115.1513243985156,183.54621303163128,147.16041624058798
117.17264264355777,70.43555912725839,119.33167855585242,186.15508326801515,150.18514138399837
116.60079974368492,70.79194321983584,117.46388403125844,185.58621767587192,147.39252665572354
116.97096522997347,70.76817950653333,116.30055015005384,183.51432488831222,152.794279707279
118.35081930074426,71.86530069349564,116.25880787619246,186.046555574591,150.81210879932695
116.99277102447714,71.74406824953343,114.06561949762312,181.21732840969108,150.84740531844017
116.2847633069339,71.80149686820438,116.98837753649234,187.44623395319672,145.686070223235
116.27284095311032,70.97267418692508,116.49346121788228,184.9592210105348,148.72171401052472
118.61790027262762,70.9132477536079,118.73343206558867,186.9936708563921,149.59673149603537
115.68570800487092,70.88377716936532,115.26000477459559,182.4606823530963,149.56630605944505
116.2582412686637,70.83856002546382,114.5661713364326,187.69427873915723,148.5330874188368
115.40104409420387,71.75998262658463,117.8364266307259,188.98101673325482,148.35163332479033
115.44856619929605,71.54514553306088,117.44003124974408,183.64590604700996,148.18662942854405
117.48330036809229,71.59426054013787,114.8283774881096,181.67256485949287,148.4907050467443
115.41945242857292,71.61472844649693,118.9515383046899,187.05484181378586,149.69315349606057
116.80040110222507,71.26260509378851,115.91994546222405,185.4018281654051,152.53032516366085
117.16256948565209,71.35560189947697,114.29377152151758,186.31498743375846,148.34055137717885
118.99327797744603,70.96307601823159,115.87623655467034,189.25134799381416,150.07012570495067
116.9924102180085,70.4373433061887,116.15277668699996,184.7066816324862,151.00824329250173
116.49677660082094,70.22581224029037,114.96094918004509,185.8638212708087,147.78119474836305
115.64083055289898,70.97212763410029,116.39620210609395,191.44464307157523,149.59644192593822
118.69357457673348,69.6967840714829,117.11744725746662,185.92690078033252,156.83550179451294
118.7819259855242,71.36246134131085,115.82012424073633,185.85238119872875,148.30387119995257
116.22680856808459,70.95124924730399,117.27008487341207,180.72891967817887,150.57406825720065
118.36788801027762,70.95105668474758,118.74245549523971,188.2198842498547,151.52431529143146
116.37048749028456,71.83130931462416,116.16508059981521,183.86792640780678,150.1520146863738
116.46750225434948,70.19954006847455,112.00341430065922,183.8795148230733,149.70506833741095
115.74495477729458,71.51621039964037,115.19843124801586,182.74751890764327,150.47692906609558
116.60820631053899,71.71677996229813,118.68757105671746,182.4619776018825,149.36568451388493
118.27954986978214,71.28309126282103,116.02396245395789,186.87178168394223,146.47382452871926
115.31909794174187,71.14982703898797,114.70948266060688,188.08917998742754,148.6235034902019
115.76721515864456,71.83229697168129,116.67960148789612,187.53368874867706,152.20922734745764
119.81237670915273,70.20728919394465,118.53866898860751,193.86378519214847,147.57694275352412
116.26802993722296,70.15337255788481,118.6709064504622,182.95728173695468,152.79551256027608
117.63951838795644,70.94436580695799,116.30686206474314,189.6528027897814,148.41084763831392
115.40837790075304,72.54829012099736,118.59629854342842,186.23016142454387,151.14343935740564
118.01906723951207,70.1176578318532,120.70787994498927,184.1268422997145,152.5993944489449
117.31457161306346,71.73135248016374,116.85365736573846,183.5192476330878,151.77557036011032
117.4449532712881,71.25444011994406,118.73761709086104,182.62171713118263,153.3299465048075
116.37520489545864,69.97562971642385,113.76256247563435,186.56902427928873,150.70957122163492
117.39099530872005,71.51230693293616,116.65181910275112,185.28507188845083,148.21015332997794
117.60240515946815,71.51021487390568,116.33788755787906,191.19195865212427,152.35893629603552
114.10424510372951,71.57163940759067,118.19362806271623,182.25156811024112,150.1236182438367
119.18617535381577,71.37045552288144,116.10799515703728,186.17082155757376,148.1263753578049
118.20934788349231,72.44820895907617,119.27882741316094,187.4550193075619,148.68344763954195
115.59703530938631,71.92280017274086,118.36328246196132,190.3759917949224,158.01211876734857
114.13510468299062,72.35610651289065,119.90142242321124,187.25507443494485,152.6647260425631
118.4646568292717,71.05500811633026,115.53241167348428,184.6890838611396,150.62792322666215
116.30023097928971,70.73772329126857,115.4103697079626,184.82399883760905,149.0004842373743
117.26654139350916,71.43216397130317,120.06668130056262,187.1740814194561,150.2709108269707
118.13893817457999,71.98759115072681,120.24131815505542,185.39149297269566,151.76083058231515
118.79594001391058,71.40199713264363,116.74823887488985,186.0070998377449,155.44926112947638
118.09110813258746,71.02640377692249,119.00460078303888,186.20636535796348,149.72266789467466
117.25801620198757,70.63638777687574,114.17628762910614,184.9058069798567,151.24184387264495
117.22761141994009,70.86914546288557,117.85629567723647,188.25557986107137,145.1229602381558
113.79270084960203,71.93431307363979,117.6458858323756,189.16139688952882,152.89877625129193
119.06945395037543,70.46019814738304,119.47617575985726,189.35555769723214,152.36390103830325
116.3696956136582,71.42300595010698,116.31967824831595,185.22692863736117,148.92601983558944
116.87397501790959,71.49361199364874,116.32934902617123,184.20165685751613,145.89897023609998
116.96473753813954,70.61595261686959,113.99545131873333,183.67277468148697,148.5240637395617
117.37236931566007,70.65671273870292,115.11768553924126,185.25490524294014,149.63110703404473
117.06093345963598,70.6927707788471,118.96559579099359,188.84871940483296,151.34178942013875
117.65490623351326,71.96188943619474,116.89828875983476,184.5901841170046,152.4855271424859
116.95739439629372,71.10998307817562,116.66355058604739,187.3360876806326,150.5774292667678
114.14259981725044,70.99224123117105,117.24679771554112,184.73633161032328,151.24439016245108
119.19630176005917,71.44908045083713,115.15773121726096,183.07819210407817,151.48799365792985
120.13622364832233,71.13868753720128,115.4814598714521,186.39907671472488,145.75022424955142
118.12317276059218,71.45818301915418,119.35980451056881,184.04780103699034,144.78787232091372
117.71682143387847,70.10072098102455,118.41279077798474,185.70734608996813,149.21639785071383
115.57106144145094,71.63319254116261,120.7203258827078,188.30565334107587,150.5569699284237
116.77560266213563,71.36365299876455,116.27923711554186,190.44575398441043,152.8086924922026
115.67380244879254,73.03025886589892,117.22093242252387,184.86032474662426,150.4070482499512
117.25124189264942,71.56909886056457,118.07429208338057,188.77230145794908,147.00721531861112
115.51823290043181,71.3151202751759,117.2944466727634,189.9381239006743,145.80944591382962
118.5672846780731,70.2531318664133,118.60257830752188,183.16814079728678,149.3665303442356
115.75811300860711,71.0146331931858,118.5864000806169,192.57466111262778,149.51658002658849
116.8712240334658,71.10306500407445,115.50665089748419,185.96264097967818,147.89898064024376
116.89917740505433,70.37437342652932,114.15523895318181,187.06853967926335,149.3616375157188
119.35120066953684,71.14956684300914,117.53173046106888,183.64381228955187,148.42110907663422
114.23797002585319,71.24043218641044,117.32695066948816,186.18130257687787,151.51624630112505
119.7595048384258,71.72348344611069,115.2663153734725,186.1196759340606,148.6407218268003
118.62070994791135,71.84675773645633,113.5942671291885,185.74739785595122,151.23229788267201
115.53911408667393,71.73178868480207,114.80140812973801,186.2973083596218,148.2890921866401
114.70921521035392,70.83644884572779,114.42625758524494,186.58549238581983,148.10315074485084
117.29360942736946,71.58963687834758,114.36604573577699,187.4124400314132,151.18519599864842
116.56684175431555,71.77155848184933,118.51813669138662,192.10755515955563,145.38893573424278
117.79433761050812,71.34608302623103,120.09412040352841,185.97601966617668,152.08531959276388
117.04026379323388,71.13883094999473,117.54328970257562,187.7886836871932,151.5767751423275
118.27695367159892,71.00606502855024,116.03666372645988,186.25101021846166,149.89440955304988
116.63828679514843,71.5504178798607,115.04457889323294,182.4535495617733,147.15729816836057
114.97456488804308,72.19380472621799,116.37033363577014,189.49619696335,152.41009883420693
115.9110092404408,70.41982230879148,115.57170163576761,188.9332506197941,149.93875966071033
116.47165446497091,69.66586572022601,117.92268347920904,185.41815859659386,148.64925727667628
117.17070549643879,71.02172921597455,116.8915663644008,186.64635587890186,149.40065092861673
116.34576928225373,71.14215225619273,116.1005759434863,186.95434446674938,150.19063867439164
117.13827018557663,70.55294492039589,116.82453650458804,183.29025551105508,147.5203686035797
117.66285463923218,70.87866202257821,114.2456148736106,184.23829057594227,152.25229510237077
118.15984724273937,71.01795672922121,119.91995691120523,185.1919861843251,153.47956378317957
115.91239176286005,71.52911646859788,115.00391316367873,186.9023697717889,151.10148481101706
118.36483158953259,71.51804523093199,119.45043596635942,184.40998303166373,149.9459747741036
117.96964838112883,72.36192995051368,116.54042484699286,185.87789236161507,148.73571738235435
117.50647029253523,71.3001961159963,115.95985492033823,189.3295224669573,151.71845483023964
118.86429495278081,70.90290631316425,114.72967841745123,186.8509137371099,149.72364780697515
116.58423758253691,71.00675689854754,116.61251899467815,183.95207654279793,150.21070599062966
116.72503152689055,70.3564057611223,116.59668366282632,190.11068438636306,145.1387941124517
116.73816411285306,71.70733173700455,116.18282105380554,192.8189713625706,152.04577262514835
118.40992955092231,70.7331620071412,114.66048517437584,185.4615795905275,152.3764032759897
117.56680060910891,71.91723843863858,114.32055663029556,180.717647079946,151.20496205680635
118.46629559305025,69.97783948166195,115.86696802674025,186.15087052899773,147.29781581396566
113.59633047724601,70.45345014489253,116.91303922769652,189.19159369765376,150.69656825593574
119.12762706979677,70.72984767337275,116.10244066033414,179.878163486842,150.3702608717485
115.92916572356467,71.52727773933901,114.65574387680606,183.24442667670007,151.26341705799743
116.05311857181636,70.5142941548,115.17183696916189,184.999178186967,148.43279288645752
117.5849193980645,71.59822209577071,117.11823259869482,184.73126307569748,151.58775513824142
118.43901948467249,71.00192247628203,116.61796297254644,185.54171424446076,148.58909303559628
116.06201584765437,71.6203063083437,118.26198150638687,183.92852221738298,148.64696444721434
114.48804565904784,71.81947045254863,114.94808129097792,189.26881939802308,144.50855969230128
116.0070646130554,70.93074604452207,117.99405164566708,186.94530109670262,151.27915917150634
114.79757908951403,72.27157011021205,117.29109234638439,182.61652309509412,150.02582749147942
116.07583707969603,70.5580464962257,114.53809786141716,185.54530239046161,150.5612957111078
116.02769393708479,70.46443798246459,118.70650672223444,191.75075460426106,150.8189170587793
118.04480289249663,71.86798744764218,119.48946757346748,191.52463123158873,151.9749398577035
117.1041130155758,71.38155183831653,114.35296668775254,187.96990381439372,150.12991906981702
117.48740720451725,70.90970598552435,115.81351971025866,183.9287763997956,154.00610624777877
118.41331675175269,72.01014088367081,118.92637322877873,188.39119387766476,145.71891026078737
116.62762350358638,71.36775873773198,117.79903363033227,188.29090655748055,148.66683627253707
116.14696366013807,71.52947816461302,117.34736555210107,185.91400728085185,151.83823038469058
116.19858290792632,70.880422851835,116.64941513008722,190.51541874133576,146.55869201375185
115.8248771624814,70.65123159458685,118.21867591020731,185.4919526624828,147.66323576723025
116.40158847328718,71.34407105044073,114.68242458094925,182.9906051742992,150.5471383951671
118.69281329162018,70.57205664835068,116.69345151497514,181.88671804639236,150.59511104491222
116.4075776214512,71.35852898988215,115.81399931159872,183.00416128292295,146.80085771355897
117.07537481758693,70.53744176615882,115.4512400438558,187.33542482010824,154.21114246990578
114.92603185303508,71.69495323461281,117.35206818711913,186.43104435843105,147.17440041573744
116.42379884041844,71.04114207147555,120.24811533818335,184.8756585562266,146.4224729059374
115.25679410061134,70.47162719332461,118.06702553440358,187.33107366169932,146.7787929497144
117.0294912653776,71.81877349553423,118.66774084942782,185.3761522202036,151.1540941602859
118.36048345235479,70.57925768336517,116.57359537868514,183.15625193770867,152.51185653047884
118.3688146608062,72.0921326120957,119.42149669803936,186.2269201425286,151.42539837884885
116.44098134123777,71.20032218238454,113.99861697236338,185.9660124290151,151.2692508871011
115.81063628615468,71.24664050486183,117.43171087453793,181.53946045882657,156.02415484732174
117.09629607368488,69.61213721556109,117.30296315300455,185.38319965341475,146.78070922763916
118.92508899505069,71.48341170559208,115.40628446127864,186.8780979469163,149.6864935670404
115.8889770403081,71.23237356570955,117.02899179624404,186.61419797771623,155.43634738932712
115.20717719971415,70.39026960377211,115.20677775912833,187.51767014259346,150.3913069592565
116.0525538951865,71.2499418635738,118.94874078261452,185.3963124091391,148.057797048344
117.78129765452923,71.07492424515591,116.25254780825938,185.76116998610877,148.4263255138527
118.82619601296906,71.61600214760573,120.51171446931754,184.46792682669212,152.7990772607492
116.61684514600411,73.12122858979903,119.27992984853005,184.20275253745868,151.82611590990322
116.21604801948294,71.91519232231504,114.95074368260363,185.8841327697065,147.43244426494942
116.59116663891001,71.03417838054949,118.47001237583251,185.39060009655813,153.2269208969473
117.62340794466597,71.95563502868914,116.91337520914965,183.73624080200554,149.9419219736403
117.41520648285291,71.62055379085729,113.10735183894823,185.40194442424956,149.55497970035202
115.55490325259663,70.80940928489392,115.82767472092306,188.66971812176206,151.39459069159898
116.93339725965447,71.29593063626157,119.05146681649259,184.54703284603767,148.28287627745922
117.1679191542142,71.19522310891149,116.90899944679364,186.20186689709536,147.14873464689066
117.84969683367052,71.08173388266728,115.62044437439478,188.52375379626935,145.86743962481788
118.73123166806486,70.56287863086175,116.28366957372164,187.05319816177033,151.9870921825692
116.64774049514017,70.26564915965544,117.50747497829192,184.45504059740523,152.8616017448119
117.07386340083121,70.97205756531666,113.25839705519842,188.50444082455743,153.58015128621236
117.93931123127793,70.761193055782,116.10214028819517,182.59473615088896,145.13870859341498
118.61924081883167,70.41853917090582,120.1690604692016,184.9967559536652,148.12827566349023
116.09672379197605,71.70758636295214,117.11705405921838,186.85408661162484,147.80757537890668
117.1892928246591,70.98477605934767,118.5745973921347,184.02736936030757,152.60381490908995
117.42962324125371,71.41010502922394,114.55165406149045,185.15596008270285,150.22820690504471
117.55060370296026,71.10560756119139,115.6201025636849,186.80829792116566,146.74840123604673
119.73818597038263,71.3315846980139,119.03812685701995,189.71692763767552,150.0385218459218
118.5933601422957,70.68268960839214,118.561063006457,185.02845666663947,148.46137549750176
118.87924814338204,70.70943978795495,117.53229878212468,182.84435208647773,146.92550941408854
117.89227977046629,71.08052537904,115.54312621420196,183.70968840990534,149.36881925439428
118.03062346778901,70.50850806807019,118.82372742891819,193.70330806719855,150.10121916038625
115.19506008686967,70.98562758288304,117.54750111554957,185.81214989416313,151.64310034813386
118.72851374447367,70.77773959411604,115.14572254923965,182.0251349827272,152.4997841912375
118.55220187242548,70.56913674397211,117.12030468271207,182.22828609454493,149.50610603727714
118.59783853587781,71.90264257167901,115.82088665445595,190.85041670237,149.70247341840303
115.50500901747667,70.43420590006338,115.66669507182556,182.22004620507474,152.7349784531015
117.21923297207208,71.18648466054835,117.7825532093701,186.2875943180378,148.65082819586152
118.92075766312149,70.5325438997522,117.42836952710104,184.5172801292964,152.87266221859664
116.25135805636326,71.396309641529,116.50537658397558,186.10387340976064,152.6081630297278
116.62538535841567,70.7987226459206,113.60644283567483,187.26404083653995,152.26340336749507
118.31671544248604,71.14033081014843,115.55923386790938,187.49579782947401,152.09663050027658
116.15336994530506,72.65403507387083,117.0400729521279,184.9865049642386,150.87862443152255
119.81893128354419,71.21092962393426,115.28734690709462,184.18799755565456,151.99345237112786
117.95458681172758,71.6386049791048,117.5490104927872,185.98936594659466,151.67778224848408
118.25160300673662,72.35820566653047,115.97917718913465,188.0672082148504,151.01423479680741
115.85289017125385,69.33112842739075,116.78329221238822,186.40440993403465,150.65700715909867
117.5621844214408,71.63448450171605,113.2832762649513,183.7782649941668,146.28326511555568
116.54437989035476,71.61567972282553,113.89926476472753,187.11629957767138,145.78807715459268
117.35145977288313,71.02746082523873,117.20414122128324,180.55228941259537,148.9929031620706
119.6270019727811,70.90392788083676,116.63116819143208,189.46270877325514,151.16422334848326
116.0444472733413,71.69836711738446,118.13566783828429,182.95033233966709,152.9519984481216
118.20183358468597,70.33439100251579,118.61961676232806,189.77283088029404,147.465926167871
117.89800573163801,71.90872836334107,115.62461646282433,185.21326782457643,151.56261131670388
117.13211038884947,71.60131857059197,119.75545646059197,182.08872256607083,148.4156203199391
116.84183445365058,71.16487770289673,117.0321145818561,185.60070944896196,151.63802877956763
117.8246348161164,70.68406821113695,117.82558218031765,186.6978301182723,147.17414187945505
116.17318936780156,71.47897389765433,115.48713305716018,184.33415064569866,150.23802362497835
117.63234391670458,71.41578795262282,118.27163364391559,189.46457606856384,150.39955793255928
116.05033775459147,70.10174214038575,113.57741044192552,186.32834537544133,147.94412702837096
117.87419391452266,71.90269371782732,116.47270018381103,185.17134024362207,148.5286601232316
116.91332569395335,70.74122039283633,119.15699292328583,182.4289618561907,150.5240273052607
115.54863194734263,70.91996552884044,118.96930473490569,181.56584484573258,147.1614570086987
118.16365534852578,71.64743086110343,118.30391446191807,185.80158604285708,148.83100222626604
118.21962530572992,70.46564738283567,116.17637615090473,189.52204627080351,150.56175895802156
117.36953854221139,70.646290315658,115.62869647132854,189.92869214402972,152.5385955842668
119.11298616526635,70.3943563154347,118.74948042836749,188.24132773709943,152.29530718118826
116.52402130172008,70.76975342311353,115.56592094400057,188.22862425190135,148.8174750223664
114.67627538170305,70.9746530167185,117.23821549481464,188.68294788585823,154.75509095508616
117.47668698224327,71.84048449433347,116.63492523261723,189.17942255198508,150.09059691948372
116.93901571502282,71.22357568780802,114.64924426289143,189.03441881293105,150.40599386682638
115.01787933413084,71.02892004102995,116.84488344242254,188.59646245696123,146.17625758096312
119.53946333956755,71.16264253046658,118.03680102224449,186.01730885416734,151.14065046891147
118.69990310631951,71.29965328860153,120.87581606172415,186.87407593799313,148.6257256154339
116.48657405067699,70.92594462514457,116.0296206253666,186.26438138428338,153.40359953600318
116.34959466419532,71.94312853084399,117.84866090508903,190.6516984233137,151.77683128946302
115.43821382748966,72.30010620083215,118.07879873480614,188.419127721068,150.02310006217354
118.11789721961847,72.05167950169246,117.79176555318415,185.7319717968092,148.22727500257787
117.59477528758312,71.09729875231146,117.97498592396443,187.47917216721888,145.47750996334187
115.82958232750103,70.55284907381943,116.37330532657236,185.39417953421008,149.10550152380847
117.01311491522671,71.36233088920858,116.40085563709215,186.5535139354962,148.14618369192505
116.43333156756573,71.14166710306999,116.8264373400626,187.51207542232513,153.31794345262998
115.33360131686787,70.22571732915549,113.59983593567503,184.81862310103446,147.20290213945975
117.74037232763159,72.64037992121933,118.18477251489749,185.05396469480323,150.0466537619106
116.98777989387315,70.35868702130794,116.92670080314976,186.65772673602174,153.4476832085353
115.94733218013592,71.62641460424926,113.92232588013903,187.97217066295408,155.85819191894979
118.9773269684691,71.55447415742024,114.85599115249104,182.42645074995787,151.00184039520684
114.71134362693077,71.66838296238839,115.87332502239569,186.44736604828634,148.2530656137665
120.20812351151915,70.2283431118072,116.1536676782482,187.03702630625048,148.42441088993954
116.47554548103587,72.3295995606356,117.56606485708666,186.2976836448679,157.99967125707653
115.57661386248489,70.23620140995465,116.44465626117164,186.7753300419112,153.00107888052372
117.57405187639549,70.31159327043018,116.48346447352591,186.41247235702997,155.38833944725283
118.69395429763289,70.61929492013228,120.04682925752294,189.17102208790078,149.73894745572642
117.55293049439764,72.17665863036669,114.93995352724784,184.90196016238892,147.52311720403543
116.50143218751818,71.25607031197471,120.25891383523599,184.2616587292991,149.27199931754464
115.39565184024342,73.62934087217035,115.15609848303784,185.13609881249263,153.2814458711707
117.4246704422627,71.03578599335725,114.844441687148,183.01209305489863,146.36266351582742
115.98769715486826,71.21098128834724,114.17833837689308,178.47174349453644,152.72660020453677
118.51921362737674,71.36276714227864,117.61679891123177,183.98188258593632,148.22262468217258
117.75545922290506,70.9632996777659,118.6314582581216,184.8174148989274,148.86233409299706
116.97365919034155,70.33330673809297,118.93967711095995,184.94542306886703,150.31636759179935
116.54662068342232,71.47118665365619,117.33221931675266,186.18314746507858,150.38070832443972
115.75280863120302,70.94471936168021,115.61837362939913,183.5327229684776,148.21625772490586
116.55958679273503,71.89243303829646,118.5689062526832,185.40189209294456,153.3377046384317
118.31016855600788,71.13592449184304,116.05343158284774,189.65203618623076,152.50743310486158
114.71534042607821,72.06637356919519,117.73352486700948,185.99004117915422,150.7041781482503
118.2294429534744,69.89824852591771,118.29271115730036,188.6071753072249,149.62398762794348
115.97643278532212,70.82350879688924,115.88917082924466,182.94457523456072,151.5343575864756
116.75287050347497,71.4829024675579,115.53641694624434,186.15881528515786,156.38525686419482
116.93720051117252,70.29463241590052,117.44744657542233,186.11454820195297,148.98976786310493
115.01060491407252,71.674437231523,118.80705616838756,188.47673907935825,148.98987115504244
118.0675644547294,70.93238699346365,114.01478715811665,183.34476020841223,146.03846910155332
116.45413866413553,71.54373538024706,117.77379692722332,185.72664720481922,151.87475152537365
117.33458420829712,71.28396408780489,118.39457334358194,182.93110150240463,151.32739370696095
117.84793487999029,71.03381714698983,122.27288892894872,184.95268776091604,148.1780851214518
116.17175969665601,71.76594864101703,117.91438161252799,185.367569695631,150.52025386086768
118.07397829598139,71.44820252315014,115.12098969292849,184.1838320752256,153.60009420732268
116.5347702862139,71.32165282531217,116.64123955871383,193.3445680849493,151.2262517780286
118.63193528161113,72.46412731383674,115.00827284526328,186.77474388526764,147.87265975909486
116.37291214510834,71.02863784448216,115.72610955616804,185.34355512938143,149.52709462211754
115.87472151237901,70.59982430602044,117.00332708744337,188.17668026538533,154.84913313653803
116.97258351390524,70.72823969134159,116.90639679729699,184.23384037850073,149.52323445759842
118.16853568582668,69.43709572737377,117.67271899957973,184.8927208211396,147.16565682187957
117.53068141639349,71.61995483132411,117.71308742714692,186.0747289591059,148.1871056256799
115.95306720585974,72.01578059744243,112.07145377187703,191.87818301668605,150.78972602190765
114.53402215367,70.59061022423202,116.41375003119892,183.3519870614196,147.91746038856044
115.1646622683859,71.21503080880436,119.35820509153166,185.0543979623056,149.86724424313954
118.07932645715485,71.28762881879165,116.7156908207352,189.99356213692923,147.97567208670964
119.06768241622572,71.8852076479986,115.46374224973546,185.8395335982748,149.3323017062479
117.18485732020034,71.68015812094438,117.10057516459972,184.53993830212391,149.6376243824977
117.769755258681,71.47123568280334,116.25360858832794,185.88049419073718,150.374799386684
119.05462352938558,71.3863596368664,117.28845227307777,186.47664896605255,148.94238041501592
116.7420544488456,70.84891903807997,115.55000826056114,185.615734883873,147.95071062647617
115.83624312565591,71.78388460311452,116.059243338752,188.14828412661967,149.68648415902737
117.85399198542356,71.60448121605312,119.08093499837665,183.3741709145622,146.34804057941676
118.42335550546086,71.30129375068375,117.80853430592161,188.38437963251926,146.37645716471124
115.47109963883034,71.20458253037145,119.92713466595056,186.8506855448778,149.9898108560744
117.57892468767494,70.66730352183225,117.80685534798394,185.90444221943056,149.56825445543322
116.0907593450487,70.63079155219096,118.63070776532165,187.41313675120236,147.8308712883245
115.64087515783594,70.87377771805062,116.786423294094,189.98566368540605,152.92887128809681
115.43064018197668,71.80429939541803,114.04551071489173,187.46993812871557,147.71336017569152
117.16042125457716,70.6881174446872,118.62365268906451,186.04629708622178,148.37441219060702
116.7887089539789,72.86475768244176,116.34270860606803,181.6870653795823,146.15914438846505
115.66084810175512,69.60535842698542,115.07294288863443,187.73818381583328,153.11577335440109
117.18656180696863,71.49250188042139,117.03379988066223,186.80841965877167,149.43523347762823
116.95990166921611,71.26193880047265,118.42669973648339,186.08352286204143,151.53805537741854
115.76812556888996,71.46436503724257,118.17159818649719,180.28926363367557,148.13182984844912
116.86419479991484,70.37548841124254,113.41531981561002,183.09211907460417,155.93608875223785
117.13128844841765,70.89863187543284,115.66160737533977,187.78179169439449,151.93663231591026
117.55440293806468,70.68399726943649,116.91042313904597,186.8619480684316,147.8961218607955
116.86881798463865,71.79254437514058,116.8041498668605,186.36198757738532,150.76665605521458
115.84428234491266,71.12550698741607,118.0822849491,179.4878961173533,150.6940165769077
116.45455929956664,70.18755662363579,114.54807780796921,187.82598244795486,149.32407270630986
117.03219984090673,69.91897249174464,115.8372298002714,186.90637216146052,149.83591121368815
118.71253821200929,72.68111401042037,115.36500513772886,190.86215462944364,149.34365530408107
116.24358359230669,72.02216418602212,116.22232241510721,186.40968373247233,150.6573358903016
118.260274317724,71.49670963924619,118.67311802598766,185.91970561856868,150.20214775731566
116.86409372308344,71.42612078007325,116.90929210688033,186.10791270902922,151.09033569862186
118.06728775963963,70.68460602797259,114.46616992996755,184.61473510760914,148.71831574963997
116.47776571306304,69.6856093562952,117.89297438167605,186.7394697827315,147.7083601964141
117.79122096615322,70.98518091894708,115.52129346655788,186.29277967310483,148.5987899486272
117.32694163624001,70.93088689678387,118.00058905630021,185.1081706802078,145.39934476822518
116.79074937627985,71.81464047566517,117.99463811374665,186.37713257797878,153.14006254023317
115.54933625632985,71.64432091842319,119.96184847140957,190.65272072821247,150.25819101450912
115.77582719496716,71.22613506708443,117.17306570105796,184.8935192619317,149.2148290668523
116.59963664184478,70.35607748653719,116.3155963595659,184.23172534669828,147.52426125945195
117.74292382146712,71.79110094214388,117.45400418400678,182.30598184912918,149.32802008274425
116.87491608757584,70.59265344365788,118.90521792867922,185.8627847592102,152.98049121233532
118.12570984906125,71.82600302787854,116.81060288657427,182.76062354309315,146.85034989989578
117.05478212354521,71.54414316891815,118.55174676091528,184.3974260365628,149.93904388291386
117.64346612781861,71.50737577717511,119.19550207608374,185.87331476954907,150.03530012346206
118.64771825801657,70.71494742589253,115.01662648109782,184.9415769075183,149.17268162284026
116.3903483300746,72.91268349910123,114.06290324190364,187.61509461278075,150.38632144229203
118.75102721526532,70.83959984088656,114.18234367143332,185.1648934542763,151.07501718670613
116.96879837185095,72.79512558581214,115.0185196436066,184.76998133358407,149.91311921378542
118.88749460660907,71.93820104361124,117.50749443182144,190.558081501235,146.3384196440109
118.06285171901773,70.97679369892982,116.67292300493784,183.33107304423825,147.24000580705862
119.92664568456368,71.87412485477962,116.68802609353965,184.38876652825917,152.27953369744606
116.04262273365873,71.31885691727317,115.88046437409572,188.23903134496626,148.41735948034358
116.27033089013601,70.05321792054536,119.84842762781778,189.63695805088238,152.66142727106015
117.2538838923929,70.92370493099668,115.3052800572976,187.61259053957127,151.35964120289677
117.1598427896791,72.0186270289589,118.79318063413558,185.45393055283964,152.25616290129463
118.01150391636723,71.89451708216767,114.47156776458768,190.31349200909023,149.05998746265615
114.76884608425276,70.88949867040976,113.97811257550984,188.82110166011512,153.84995184371707
117.92708862653522,71.28847679028792,118.04677808238743,186.1038763927161,147.51512273994342
117.22441661099855,70.9711491965907,116.02028427947121,185.27691975231468,148.27587933833294
117.12511039486044,70.50050431645997,115.12570617371306,186.41616620560956,149.6719786319605
117.54755781282103,70.13921918772247,118.55332723458297,189.67082601058732,149.44572173667183
116.62972862914567,71.10832457733173,113.1362981005354,181.52271281369244,149.0283813792671
116.49911393409249,70.24794416258949,117.21247125793224,181.88188791260862,148.63874064311173
114.54986424063904,71.6001753607131,117.17918535501158,186.95669608717128,150.73964290561628
116.05844034262125,71.81546309202213,119.37012538634413,182.46075317602066,147.25087889781702
116.98720336007408,70.87617417670084,116.10209888709996,184.19228471065446,152.23638098157403
115.42646131134276,71.02935930345464,114.58346120141677,185.79649898799352,149.1365835290263
118.72424872588418,70.98440911712845,115.63112001994928,188.29024352350098,148.88439316589168
119.35172177625427,71.67964162911672,120.65017210279338,185.06443216415101,148.89906522678947
115.81086259285809,70.23924881608686,115.78641351191426,182.28031588865554,152.79464859501235
116.80264949075917,71.06604329855267,116.36526616185179,184.31374644943241,151.90619280778623
115.70517469643292,71.6667072129202,116.30337938059603,186.4388434282493,156.58341031602066
117.601461976422,70.99899299487556,115.04502853756551,185.23667352797744,151.17070802283033
116.68700306690071,70.73496131894905,114.27751202527118,186.68370294669577,148.11119811290698
116.50161958415678,70.92321427439738,113.62839382709979,189.05259107262867,149.35290735801587
115.87588994615702,69.15366960463236,118.23303095594744,187.19688505668898,150.35351596847366
117.7823178547924,70.97712254402548,116.06693796803343,186.6888658747826,149.0957274433801
115.62006466457413,70.91163361684512,115.4304730770166,190.75691554416144,148.12230935726305
116.65965882841994,71.16908114102796,116.16971400810557,184.82160934098556,149.27751111492628
116.38303695348606,71.30606133893882,117.65172186166423,189.3444290741157,153.88052965820796
117.4228520904767,70.55142418040096,115.53092187834339,187.50171144822272,149.8815474198397
116.00978091588149,71.64217676882004,119.61644753318522,187.6618842522612,148.8758873683187
116.19877649744066,70.38594190851465,113.09606789386336,180.52903370563834,151.57023512180967
119.04464150742463,70.4329311719936,114.9890662327548,185.81880877890242,154.75211920999612
114.4159633412309,71.20700428490255,116.87078747447187,179.714646286489,147.4780555951567
115.24558115690819,70.24415120636611,120.67355940606565,188.29978542839186,151.7480731639843
116.61213642876473,71.22776289423261,117.87723091091019,185.67113104288998,147.4632869977723
117.50152317780947,71.45889037650181,117.61833576147157,187.39706762601583,149.94486567300015
118.56302066386182,71.25176391649491,117.8999628260471,188.64659627856634,152.23945257611618
116.62298840435194,71.1284274157938,117.28056094371516,185.00941623313767,148.67888689835624
116.97204560252406,71.17562882482075,116.18652969048784,186.01326799576114,150.42866268574718
117.06219098729314,71.85830758099176,117.21794283932155,188.79655387640574,153.7398137293246
115.86627889006294,70.91958012258839,116.19106818962413,184.72019246790362,150.15016387281767
118.02309880548293,71.3717408701569,116.20981199871731,192.8919313854926,151.06760513075187
116.88060249665726,70.37791925684381,115.32566640353772,187.1219155635933,145.069224438339
118.53970383912676,72.47874814122783,117.05711823718687,182.98017401729803,155.39529119905941
118.7169879280438,71.64034583922589,119.89059651094534,184.4948063073769,150.45828725424727
117.54908802567684,70.68258215425861,116.74193975737224,186.40618097546218,146.57335448796346
118.13295095164561,71.51271488824938,118.17442922606415,183.11787105006732,150.1011931581363
118.98963450409049,70.93398774187031,115.19041469047782,184.11040405316126,149.04140654097347
118.82229025741043,71.73740691235434,114.92813117241049,187.21598788774708,146.87186249475022
118.76618508896742,71.88392125489959,115.95705364281112,190.5111721880814,153.29059974747898
115.95573400410584,70.56846405154461,114.01347624625633,185.8603606069822,153.52567832191647
117.04844351968767,72.3808750737935,115.470286622878,182.42966880777223,149.26007856912761
117.80371939348,70.92327125527997,115.85280865452224,185.46535667691305,149.87031103830495
117.91583057396709,70.71776922776682,116.06154263682572,184.72754520808692,148.82891187594896
116.6359092272882,70.9203714818688,115.67998836516487,188.87216049115673,157.0726132327928
115.25839149976673,69.99123210987918,116.21212766216705,188.58112104184335,150.34769691173156
116.52268940396488,72.00688738840238,116.03802581726188,186.8288248178492,151.58064726666933
117.81671647042047,70.89630313885705,114.86197926639011,182.01111386287286,150.88959586340752
118.69673674891804,71.41393796320891,115.82274294008039,190.4812946551307,149.21971848607615
117.61090265305232,71.59358691190702,116.13610290864719,186.90840154566823,147.24516556938457
116.6930638594173,71.03883030375324,114.34791387207487,189.01570345783142,144.85236012146214
115.5783475673577,70.00148533665302,115.1317346832556,184.4965630545169,157.78071141245331
115.02000027140119,71.96108318455786,115.41173050316749,185.28838655781882,149.0608446297575
117.46100627063358,70.56437808928061,117.44068579580352,192.46106256717528,149.15606978572518
119.53864732212078,69.97332595042239,113.4099253435977,180.47509458435306,152.9836031766758
118.06811296946259,70.6644705438546,118.32146692220218,182.60317317446962,152.53327589691065
115.66788988048745,72.19285650397751,114.01647296031726,190.1018258904221,148.58492000488823
116.17965374303323,70.56165709015974,118.53746296640587,189.7049377408361,149.88488328927278
118.18203985596715,70.96551242151193,117.71851368853548,187.37094722784744,150.7047637352414
117.89164068253689,71.91725356414257,117.07641825892249,189.06502277755473,149.18451655200138
117.76799945826444,71.24401731698725,115.6495893877145,188.58987873250302,150.1581759916281
115.9903442785988,70.97570583806467,117.67954409078081,186.99051165775057,151.75675905578166
116.64950955503855,70.47977582670742,114.6836387460223,186.4504611861296,156.69691831570933
117.98296132293181,71.91307049695709,115.16219783123654,187.37747203903874,150.2928561914355
116.92028473654462,70.82468426347266,117.25337179170499,184.5146366093141,150.30078113118705
117.8740960605319,69.88280037148147,116.44257726315107,189.0839416778195,154.5509483845026
116.88308136232716,71.40880454633859,113.22418337761383,181.7581506829321,149.88332214827452
116.45765176825215,72.20326936975808,116.55026698464407,183.5638169448105,152.34268770109102
116.64087348343963,70.96741579837328,116.97176717664317,183.97199129445445,153.51079469617025
116.84126374582355,70.42159517803611,115.86662860611267,188.0645381878587,153.76391617362148
117.43022172549209,71.74877990224056,115.58697800347782,185.07335528604796,154.07516411000884
117.42663550256233,71.6782503274565,114.46557900069186,188.97133582472844,150.17633147703498
115.6283485458802,71.43849136582006,117.64098137197331,185.79323471009218,151.18423172118125
117.73667899476507,71.47310315155623,113.95941399792328,190.21837711279338,152.01900497429725
115.06456817518186,72.07115347104629,117.64789133203175,186.4022816822178,155.89928173368816
115.45250273652455,70.77269137656388,118.07244212306843,183.04339634360178,152.056485122828
117.41071347716925,71.94257862306398,117.46345693955648,188.41403856848478,148.87748125029677
115.21000567161481,71.06221879045819,117.19002860818168,183.7703638754077,147.93246435406851
116.7511997934573,71.93827522785655,117.33897240158204,187.89190070312094,151.17976978297807
120.90204992318506,69.7740420128581,118.91994034945078,185.003171238441,149.93594357144582
116.06844872060991,71.5156007125018,117.30356880547966,190.32387783887532,150.44092806755987
113.93803323174524,71.44340553254787,116.63358754155901,185.11688425234868,150.92649967940176
118.78327934204587,70.58551265881084,117.24529327026849,184.8599395285742,153.0250674971602
117.6103528662623,70.97426499723603,116.1092647007584,183.43099883992593,149.51377020357154
118.86609978341012,70.91647161434608,115.25202247978434,188.14077181082044,148.9992177284078
117.57420019732477,70.49662973659429,115.74745407922632,185.2966919443309,150.94319098842712
117.99009936295765,71.01112394236125,117.481604106449,187.2809618881333,143.14492137285717
113.52358397463256,71.500682717394,114.7903352937647,186.785256763186,154.99361460940125
114.91769686479479,70.52886109441997,115.23468673863229,189.4258902787085,146.68079059230456
117.81828665004227,72.1891756038914,117.70819281923377,185.82416528495128,155.42570214258336
115.675308025609,70.40549382974781,121.26179592853806,184.31066499645385,147.00349475102485
116.52050518433512,71.95451594282073,113.93644795711936,187.66457578093014,150.21131844697152
115.85172046286927,70.18793949752832,117.10961075948772,193.93462631669183,150.314758282757
118.26060311243181,70.86209794347171,114.88920253113973,185.16688464022565,148.05991869471288
117.476762158383,71.50717663283778,117.77138049864823,184.41864622300818,148.3790652479099
115.57103650264264,71.65255804315744,115.99312847090928,184.24936179166812,150.7770598749159
119.06953322725013,71.85928216880673,117.58906659937823,192.3125649175154,152.0048662490108
117.50609301413762,70.39363828188749,113.77027889636923,182.89296868152562,149.30157046826693
118.31326994881326,71.23076730431856,118.05179922389154,188.30465536847922,150.53645342213392
116.24678570790623,72.26092521667857,120.45923504154737,185.45800432930662,151.19226710620882
117.49664835369451,71.31243666403418,118.46219802403238,182.60067485661088,147.7246964199872
116.70793528496982,71.0128365938979,115.01944218619391,180.60110499266293,147.6642954289942
115.67365010583109,71.3687978841447,114.93862309295514,185.80873745070397,149.99129153213357
115.90046563502763,70.99464885766017,118.47873298931658,186.05871186768812,152.58724068702793
115.55499994655109,70.20798648024387,114.30467418102059,184.95914609559966,151.91213281922424
117.53279366188472,70.69203562693461,116.41913776869296,185.8860216316095,148.41605176100694
116.4368784566097,71.42898098659562,117.55776609429203,186.6757255158696,152.24660843530623
117.59038602089419,70.30686369882628,118.23351549304222,187.41503285559608,144.5592293018295
119.44152052142844,71.33604941689669,115.81494904026133,184.16499264749064,150.97419066789925
118.57623777243538,70.96254794513128,116.33756011582068,186.78234820747429,150.45099347662784
117.09542218288189,70.35107754292098,117.28159382055078,185.36169633030576,149.74080644216986
117.85032045222917,71.23810721705183,118.18162131943748,188.39570410212647,150.06338702072307
117.80959919565318,70.94945617644184,117.45164063908815,186.12202487098807,150.72210418263842
116.8015063263818,71.3874050959975,115.90854236148218,188.54385724630518,144.1234675164238
117.77732921406928,71.77616912764235,116.42203970686977,190.44212790667095,147.63514240006918
115.1026212357565,70.9679384725593,116.39876187666718,186.22551802919995,152.57584917019818
117.11378323226928,71.40187459823096,116.90459124337879,186.43911228173678,149.53755156988038
116.54217039074929,70.06147599762019,117.72593157096028,191.0400419041447,147.31552525668488
115.29729027145999,70.29886280082987,114.97130034141922,184.9384660658662,150.09219413576847
118.06072592194677,71.20413185545782,117.3241500080827,181.6002097425028,156.93425897684364
117.63949116686274,70.684935207073,114.63703800067346,186.29287970381583,149.09074818283636
115.11139793437508,71.06218419737793,118.43844596480461,184.1592279164287,151.85966965890393
118.20444821595541,71.09128970329198,116.58565719118295,188.56221350246452,149.09417088083373
116.06854806417036,70.82327886870726,114.566388060626,191.84771924987868,148.69363329284863
117.05443435741664,71.3207501419602,114.6475061796914,185.00107170785225,148.6994413811315
114.85922829008923,71.12917055683296,116.54451928249344,185.72179692284476,150.04938151478743
116.76171288657173,72.18822384861092,115.35203351740806,186.46008622607062,152.17505195866696
116.72929570585907,70.75896947483858,116.03427954282515,183.17691818807526,151.2807819405717
117.84503878980202,71.11571992836588,114.46924013989675,184.19547191049844,145.9899396256831
117.58702798014336,71.85542947237752,116.02296747881842,187.05409938519858,149.99549083055874
117.29433483088131,71.0446259216957,115.80016215460782,186.2121833019566,148.99592325397012
118.36116028915394,69.61874480635993,118.484439208489,184.7065235223363,149.08366934999313
115.75436639012348,70.91944440067262,120.43902218266236,187.25031239203844,149.99088808922968
116.93115367971603,71.41859731136506,121.36973384969525,186.05141416659998,150.0305697384218
117.70817144760503,70.94615517518318,116.7132298442525,190.79683276703216,149.6751707317713
117.33107548393824,72.69273680433628,116.19709220323843,191.41158313035845,149.3143121791809
118.38502121487457,70.83427604698777,114.30555351146086,188.420010635757,156.95338657634122
119.30833491814506,72.76651079659133,118.82100156514099,187.99125849660717,151.60372695301814
116.39702447025786,69.92500304718575,118.35601347870849,186.50580288500373,150.946036987191
118.11494605324916,70.30475342021724,116.4652919666523,188.8135679575915,149.56249653257103
116.61333793286146,70.94330729863462,115.78483236273766,186.5029486901012,153.86216442737623
117.23458179140222,69.63353055767378,117.60010230928292,186.61275204221917,149.70533882051592
119.64309103872054,71.68251296648667,115.95846107311131,183.72523695425352,151.20084764589987
115.58027984970661,70.42004261476167,117.6662423255571,188.0918551588155,144.15230280166483
117.47503939763814,71.26096800586414,117.24818477264212,190.11546755123567,153.19229449823888
115.9763989920825,71.05784005003709,117.73474171706339,188.2668465117771,150.05588879040084
116.90407780479754,72.36402970031943,118.57805789577353,186.1839627035183,154.67457691436178
117.40793097637533,71.83678198549136,117.11809604504943,183.8312614753305,150.50412175966952
118.21595433963778,70.75404478228484,113.25187162284996,186.73427756050938,149.53365315845926
118.22956076787125,70.77642705926071,117.54502536643798,186.97849074445932,155.00767278324298
118.68598955592519,70.55138545774605,118.95629615487084,188.55209550419752,152.30506032474673
117.65560343100904,69.92535722816017,120.26541632591918,187.6464565410558,148.80550036410813
117.33498890862325,72.50327024308804,114.88655900079138,187.81075510665482,150.33645392214405
114.9051161590556,72.31076202449357,117.22631175129027,184.23170685209212,153.36088736449838
117.68917050016056,69.22232616169357,120.51656625845398,186.33816085842506,147.5935678816681
116.40168401253682,70.95781414814158,116.09950933624172,184.58579885149152,149.40053863844574
117.79934767197352,71.91607904962248,115.2115078874652,185.25122441962918,149.41725595531975
117.65664534564466,71.35314482819119,118.71500232318161,185.38244693223777,146.30224966407016
117.59528732529745,71.73511190083295,121.9609163041319,187.07252092089368,150.24326709480727
118.79865846872808,71.36677041749554,117.80679720738037,187.7633608660641,150.374883167663
118.86778625599834,71.12460620995567,120.38254557495522,187.84832674745587,150.1432227211069
116.3911269985401,70.60856551218014,115.84054523920373,185.3247176634049,146.97996435190882
117.59401862077128,72.52164501902512,115.50884389104479,180.97819374165027,149.77357459870845
119.28834643791839,71.62735371626373,117.34456218301318,192.26131497483345,154.9937448289529
116.6684748670275,71.32347737544879,116.24418706361925,183.7995879883099,152.94878104187742
118.34523315621843,71.23219914056006,114.58198340441685,186.94390335940534,146.20364214167105
114.78779568050322,71.94358248539106,118.61742641675855,184.82156933429982,155.04928444901168
117.78746095446726,71.50832927953283,118.61070557932184,189.64277132573457,148.651438619703
113.17341749937036,70.32308582529822,116.920820654885,186.0625740558946,152.11506089346835
117.48796849959643,71.78750059661897,119.0190083572772,185.89585012331344,152.25637269995394
119.43183086155602,70.70624439752464,118.26573094895977,183.91342114648353,149.63566481675784
118.46849631941949,70.66213264297134,116.32847114634934,186.3186372089043,148.5954651043993
117.61686482272272,71.96638199026295,118.50280815002728,185.44061359384364,150.60547526507938
114.70538359844785,72.50950802580003,112.4791277136669,184.47787963177618,148.83570529994807
116.89363940993069,71.65756246252411,115.9513169598614,192.6179357471655,149.47305058936567
116.63234044691139,71.15368177695555,120.64153316327996,185.25233307422621,152.36353415997831
119.40065758714032,70.88706116568721,117.62212809204911,181.39355209931796,151.45278951740593
114.78032798056192,71.25105401014085,118.64269835781062,186.30240158016727,148.89956721802108
118.65207999778299,72.08944454464965,115.68927746534976,186.38386741382917,157.3910135701528
115.78988350522908,70.92634343231464,117.45176099175583,185.52808623053267,150.25226380473669
116.88000907595874,72.13165238255583,117.79271366379504,187.70278671193478,148.1040092703994
118.00258535996531,70.86869854316281,118.74808909325218,184.0089401489714,152.5781709418292
116.26947415832723,71.07329167127175,116.38480871642872,181.65488575893474,147.48113410214373
118.14371319819323,70.89919633253686,116.52422919730562,185.2048737091376,146.05634096005463
114.93784433573626,71.40220271996047,114.42497330517536,188.05556518676497,146.99622151768926
117.10689601343965,72.13737435662829,119.10958863790607,190.5109316456512,149.77459407780742
118.64092566229536,71.09420021728793,118.23537062363204,186.42251101205562,147.8181725981418
116.83074805406476,71.33852801430957,118.19375843841799,184.25137419746463,155.91315284329215
117.571704226865,71.69217689578328,116.19305423522256,186.96153208396572,151.85391349677627
116.37384856842043,71.32005824095596,118.05633421103916,185.74468817391573,149.37276922597977
115.28857528278596,71.74983163420711,118.6678047127128,187.95484068248467,149.9830017238868
116.12745140195788,71.43857341769473,116.71223689861863,186.5798672986986,147.55461537071218
115.78043836291924,71.16641387024906,115.88109082872117,189.61559117897573,149.39291966487406
116.588515091067,71.38037216767397,118.54099608498046,186.31112012588542,146.55412822364076
117.92684859181841,71.60972722738661,120.08997116039812,180.92607635862367,150.3622180749675
117.9316073083126,71.25565879509358,115.34651681013436,186.3953768406926,151.82482270799676
117.53709523096455,71.03019646214987,117.81188949030232,188.06694079018106,150.1291366383469
119.62369717320267,71.83650527155986,118.55297555298725,191.83627277098745,150.6279725197358
116.94171912815874,71.36574807351636,116.78057058928432,187.690632299396,150.08176393002722
117.58239944193099,71.66190961174237,115.87603031666652,187.83436483818338,150.53438400281254
120.41853526003267,72.56874886506395,114.82127428746189,186.57608721164274,148.04367520467596
117.95196160163086,71.7298704764003,116.63930450184422,182.53170538773801,150.39588287304002
119.7716115568366,70.39965815075684,116.79228895950368,184.15092875792482,145.48821662141245
117.3632006375978,70.70916009285612,116.95924660849414,187.06771512507035,146.87420909377326
116.7680894421396,71.17772954527804,119.56259720829979,185.88962296188694,148.05763666730337
117.4763908333045,71.25199363524534,116.57542524665755,188.1616345330703,149.26409863263976
118.6183994713232,71.57739621621859,116.94989962204018,192.24751825065493,149.38082583084514
117.2915592171956,70.71044488673013,115.52067728685562,182.74471314356055,149.41841278554458
118.94907319176127,71.64712291257301,115.41166021763495,188.07912407381406,146.97700955609844
116.8223948016303,70.91375125360075,115.04793820043075,185.17032513908148,148.16933609348757
115.25425309220869,70.54522654994403,116.16255669222524,186.95584981851346,151.1022222862997
115.44829215193045,70.53497957620267,117.48664355634348,185.92326500850052,148.51003219073212
116.93939572137342,71.44525368237184,117.20867761000412,184.96770996108603,149.816964869975
114.63213133644695,71.58857192472951,115.07606509115759,188.1361206394918,150.49242037513014
118.15066419699886,71.95204047897809,119.54736902541616,184.65114478827743,149.863881408609
118.84799972836373,71.68485361737271,117.59465914574889,190.9068998372044,151.26628965832677
117.2007223170046,71.70545939058455,116.82725641700182,187.08420352431713,150.89340508666402
119.07655711642481,70.49122642627296,118.50992387184745,187.51557696482448,150.0954668492288
117.95724843078504,71.795686711687,117.59657382686629,188.98558643094498,152.38987068454315
117.83342906726543,71.81796846412374,119.60306848222918,183.93339460188457,147.8695596526929
116.38008294799347,70.42107907864016,115.81607308281282,188.38388397555673,154.73254700313282
116.17700141180664,71.35090455430979,117.98772595694807,189.195682575717,147.8128765017804
114.51249237522978,72.18796255901815,118.45880829978883,190.87197761414504,149.34924347447753
116.00394913227072,71.49787313372282,113.80666810155326,182.92746668900293,149.08918730444196
116.67325545210576,70.9483118382568,116.94382118476028,186.21077227260253,149.56149311423647
118.20316302454603,71.34896118401369,114.67539743319199,188.51580573984768,147.05575713499854
115.55719706193906,70.30107077491884,116.59487785085437,186.90736701228124,148.53961331437844
119.18684916446148,70.76949213740984,119.24699123077131,187.88355066528698,148.8321667168289
116.94838998292715,70.7711904265727,117.54480345648616,188.47108457227438,149.11682544923514
119.18580522095708,71.29254358476133,112.7714561449757,188.91274525161222,151.23727927220617
117.78757825402644,71.09987600143984,116.88265309257669,184.6539889042595,148.86546944933812
117.82509968865607,71.08293475749834,116.21397770839523,183.47682319364623,147.82176700933553
117.3180089474413,71.05522157128603,119.91032467505148,185.5468024125229,152.60447066396532
117.60047333380909,71.49071897703786,113.52021369662162,184.12540778659607,146.38120019734677
118.33706541374607,71.48693252931974,116.08659765239385,189.30359419446697,149.44913052801087
118.6747465684683,71.21995433498567,116.3165449796614,187.61036030717355,151.13563412172553
117.12374044098,69.5390834638214,113.56074038229052,188.0712933530196,150.30281104599635
117.82149422664128,70.45972604608475,121.45077060881735,185.66057335320602,151.5429119357399
116.24840462690175,70.2298390202421,115.4945225370454,188.48587912238332,149.95702302498157
117.84716199841469,70.87555837140809,115.75466403373899,187.24642924671102,149.92695766444007
116.03101039396594,70.58096361872333,115.72132062606015,185.27743460389462,148.97709487705478
117.44631679037349,69.29594049106251,119.27355440088911,184.5085916802523,151.65354200724502
118.17061109580071,72.18265433078612,117.01929294854753,183.55164213394028,151.58253738367515
118.98268314532986,70.89971355224634,117.22378850852323,186.80892570287995,154.89641979300538
118.21660357323512,70.59464247639222,117.80816727758895,188.20734298738284,149.671315459017
117.18089467611553,71.30891463008828,118.06903718527735,184.27587734507247,146.87489473665968
116.42677246573797,71.36319186092615,119.06740396974784,184.78770512844673,151.80403272496554
117.7321258523858,71.52038414153915,120.88061614665573,181.6076669985168,152.61738015866212
116.8203593518182,71.8772587901683,119.31456279057211,183.71679979070703,146.3382522797759
116.71278628944519,70.84729740772421,116.31302327697846,181.157411712639,151.30003535493145
118.72352518292327,70.86043720143208,117.8394685064303,184.50478304914256,149.2714147837654
116.34426197866648,72.36813165794342,117.04357030807408,187.15455568885815,148.4150809538385
119.15480494058801,70.82336304002568,117.60445457084732,188.04803021240357,145.57092295235168
115.88042548340393,70.68596687894814,117.6003670389307,186.07049373471546,151.3704424104507
116.50610552839312,71.63331003934172,117.05645237688884,188.48474472803625,152.3595055955721
116.63165998133474,71.47462786901481,116.35066848514657,186.58171165689237,150.20739998013312
116.17324322485337,71.58761437854106,118.4508647497932,186.07346054839837,149.95424035000923
116.32307431791432,71.91949211066061,115.88682029498767,186.76377960810237,151.1531251760173
117.04413891479766,71.48361601696391,113.66085718362945,189.20799439261117,154.23239405460382
117.88580093521294,71.3487213966835,118.57567367498827,186.57923322646354,146.92389328906694
117.00614622492894,71.28155912660144,117.89631921185442,184.99364723991584,145.88158314649428
116.41317915871807,72.30573904578765,115.63622052798395,185.77247291955942,148.6322541398185
118.6039959111002,71.05485666838943,115.15497498500069,185.37100711626627,152.98985206581142
115.12531115285582,71.6464255731289,115.26681336329902,183.5223051939589,152.22902603848917
115.93945826341833,71.03508314972622,120.09425864222122,188.26822459760405,148.27605291652304
117.20191998329035,70.34304443618872,117.26337980335862,187.83785596910093,149.15453624660688
116.51190264060757,70.94166528320964,117.84222351312488,190.5619536360083,148.34130053492373
115.27566219973049,70.94327695233798,118.38896058795758,184.88569116094493,152.7915539582979
117.98873169202304,70.79305361360076,116.29069517030719,189.67625893424844,151.80992748203758
115.98728734628442,70.7134278289874,115.55861260829879,181.9455239624487,150.68363905216282
118.31862681160725,71.36945087221532,115.37966084360448,185.0284031127059,150.03677147424537
115.92550508903716,71.60566801282077,118.64851252397422,189.2146722462453,151.39492646205088
116.90278872391846,70.35638044180851,119.18665348435461,186.41053969877638,154.9695042100288
115.7676479647609,70.85303896367233,120.47118996853611,184.85845181528668,150.7004345048273
119.40592439748345,70.55964463477756,118.59444952377176,183.20312008396397,150.9995518867041
118.02985504842363,70.41781653868746,115.15729276905235,185.61757828593602,151.15249576562607
119.25746981445829,71.19059352761035,115.38242073939654,186.48599129362822,147.57044774259776
117.60204853914004,71.79001993880999,116.39350940372832,184.23076428687932,152.83928517200138
118.1956428893433,72.65337449872273,116.35590997678447,181.66798920320466,152.09041049873062
116.77742520275869,70.69063512350823,120.64479406104766,189.3132447392827,145.82783379722787
116.14931066166027,70.95242483350793,117.89853754604724,185.17332998713934,148.83731936015613
116.95862072761365,71.6271743027491,117.55616863791296,185.41302396476706,150.4926750329214
114.61713763363072,71.23721379135434,115.17620175290565,184.50926637592966,150.1577916682536
114.64631267819837,71.34464003779023,115.78532770101754,185.20850337545787,151.91229094644117
115.41919407561087,70.93840731749384,113.08420470979239,183.2133225083806,154.49215473417289
117.75676634403955,71.13373206998611,121.12807112770007,189.9069357638968,147.3772317251827
117.96343256115851,70.24799511496886,113.30916932239627,185.22294605366992,144.5979864500855
118.05716240115902,71.19672228720756,121.11708299643078,186.4978119096559,147.02394338827602
119.06220512116727,71.92605379529105,120.50006726683156,185.4404283459666,154.48334976362844
116.0419144177565,71.67424349267928,117.69112205149855,187.34592301367493,150.03488595815512
117.6646187443125,71.01780335812522,117.35567301574454,189.40823221215328,147.22360395359402
118.48138708586121,70.54096246040777,117.2213941948915,187.47959149973732,149.323792363547
117.62736586766748,71.89091893911042,115.40826889105193,189.10452890778816,151.5072849775885
119.12748040692175,70.45759736301014,116.66805455338921,186.27764734180244,148.52073287624128
118.15814461917252,71.15467880395903,115.16768497658137,186.51997337560593,148.16571669322374
117.52782520781143,70.68043249831229,117.54560167139687,188.6307068670428,148.7221922136287
119.24666016519413,69.9184708560642,114.34582414581473,188.70039060595937,149.82665147397955
116.05632198513409,70.72830967430454,115.84132765798185,188.38046555919047,149.95366671980995
118.84078548231118,71.48286229851392,115.60011553727999,187.64385258477114,150.51403434400214
